Sequence,label
RRIKAEQWKKENREGMEEVARFIAQNGSFADENRNW,1
RRLRAERWQEENREGMAEVASFIEANGSFADENRDW,1
RRIKAEQWKKENHEGMEEVARFIAQNGSFADENRQW,0
RRIKAEKWKADNHEGMTEVANFIAQHGSFAEENRNW,1
RRLRPERWKVANQEGMAEVARFIEMNGSFADENRDW,1
RRLRAKRWQAENQEGMAEVALFAETNGSFADENRDW,0
RRLRAERWQAENQQGMAEIARFIEMNGSFADENRDW,1
RRLRAERWQAENQQGMAEVARFIEMNGSFADENRDW,0
RRLRAKRWQAENQEGMAEVALFIETNGSFADENRDW,1
RRLRAERWQAENQQGMAEIARFIEMNGSFADENRDL,0
RRLRPERWKVANQEGMAEVARFIEMNGSFADENRDW,1
RRLRPERWLAENQIALDEYNRRIEMRGTFSDGLR,0
RRLRAERWKAENQEGMAEVARFIEMNGSFADENRDW,1
RRIKAEQWKKENHEGMEEVARFIAQNGSFADENRVW,0
RRIKAEEWKKENRERMEDIARFIAKNVFFADENRN,1
RRIKAEQWKTENREGMEEVARFIAQNGSFADENRNW,1
RRIKAEQWKKENHEGMNEVARFIAQNGSFADENRNW,0
RCLRAERWKVENQEGMVEVARFIEMNGSNADENRDW,0
RRLRAERWQAENQEGMAEVARFIEMNGSFADENRDW,1
RRLRAKRWQAENQEGMAEVALFIETNGSMADENWDW,0
RRLRAKRWQAENQEGMAEVALFIETNGSFADENRDW,1
RRLRAERWKVENQEGMVEVARFIEMNGSFADENLDW,0
RRLRAERWQAENQQGMAEIARFIEMNGSFADENRDW,1
RRIFAEQWKKENREGMEEVARFITQNGSFADENRNW,0
RRLRAKRWQAENQDGMAEVALFIETNGSFADENRDW,0
RRLRPERWLAENQSALDEYNRRIEMRGTFSDGLR,1
RRLRPERWLAENQSALDEYNRRIEMRGTCSDGLR,0
RRIKAEQWKKENREGMEEVARFITQNGSFADENRNW,1
RRLRAERWQAENQQGMAEIAGFIEMNGSFADENRDW,0
RRLRAKRWQAENQEGMAEVALFIETNISFADENRDW,0
RRIKAEKWKADNHEGMTEVANFIAQHGSFAEINRNW,0
RRIKAEEWKKENRERMEDIARFIAKNVFYADENRN,0
RRIKAEAWKKENREGMEEVARFITQNGSFADENRNW,1
RRLRAERWKVENQEGMVEVARFIEMNGSFADENRDW,1
RRIKAEQWKKENHEGMEEVARFIAQNGSFADENRNW,1
RRLRPERWKVANQEGIAEVARFIEMNGSFADENRDW,0
RRLRAERWQAENQQGMAEIARFIEMNGSFADENTDW,0
RRLRAKRWQAENQEGMAEVALFIETNGSFADENRDW,1
KRMKAEKWRAENQDGMAELAKFIEMNGSFADENRDW,1
RKLRAERWKAENQEGIAELARYVEVNGCFADENRDL,1
RRLKAERWKAENREGMAELSRFVEMNGSFADEDRDY,1

