Sequence,prob,score
MSEVEFNHEYWLRHALDMRKRAWDEREVPVGAVVVHNNRVKGEGWNAVIGKCDPTAHAEIMALRQGGAVMEDYRLPDATLYCDVEPCVMDAGAMILSRIGQVVFGVREAKTGAAGSQMDVLHYPGMNHRVALTEGILADECNALLKEFFRMRRQGFNAQKKAKSEIN,0.9996643,0.9996643
MSEVEHNHEYWLRHALDMAKRAWDEREVPVGAVLVRNNRVIGEGWNAVIGKCDPTAHAEIIALRVGGAVVQNYRLPDATLYVVVEPCVMDAGADILSRIGQVVFGVREAKTGAAGSMMDVLHQPGMNHRVALTKGILADEWNALLCEFFRERRQDMNAQFKAKSEVR,0.9994073,0.9994073
MSEVEFNHEYWLRHALDMRKRAWDEREVPVGAVVVHNNRVKGEGWNAVIGKCDPTAHAEIMALRQGGAVMEDYRLPDATLYCDVEPCVMDAGAMILSRIGQVVFGVREAKTGAAGSQMDVLHYPGMNHRVALTEGILADECNALLKEFFRMRRQGFNAQKKAKSEIN,0.9996643,0.9996643
MSEVEYNHEYWLRHALSMAKRAWDLREVPVGAVVVANNRVIGEGWNAVIGRCDPTAHAEICALRQGGAVMETYRLPDATLYCDVEPCVMDAGAMILSRIGQVVFGVREAKTGAAGSQMDVLVYPGMNHRVALTEGILADECNALLKEFFRMRRQGFNAQKKAKSEIN,0.99968016,0.99968016
MSQVEYNHEYWLRHALDMAKRAWDEREVPVGAVLVRNNRVIGEGWNAVIGKCDPTAHAEIMALRQGGAVVQNYRLPDATLYVVVEPCVMDAGADILSRIGQVVFGVREAKTGAAGSQMDVLHQPGMNHRVALTKGIFADECNALLCEFFRERRQDMNAQKKAKSEVR,0.9996202,0.9996202
MSEVEFNHEYWLRHALDMRKRAWDEREVPVGAVVVHNNRVIGEGWNAVIGKCDPTAHAEIMALRQGGTVVQNYRLPDATLYVVVEPCVMQAGAMIKSRIGQVVFGVREAKTGAAGSHMDVLHYPGMNHRVALTLGILADLCNAFLQEFFRMRRQGHNAQKKAKSDIN,0.976938,0.976938
MSEVEYNHEYWLRHALDMAKRAWDEREVPVGAVLVRNNRVIGEGWNTQIHRHDLTAHAEIMALRQGGAVMQSYRLPDATLYCVVEPCVMDAGAMILSRIGQVVFGVREAKTGAAGSQMDVLHQPGMNIRVALTEGILADEHNALLCEFFRERRQDFTAQKKAKSGDN,0.99954623,0.99954623
MSEVEYNHEYWLRHALDMSKRAFDEREVPVGAVLVRNNRVIGEGWNTQIHRHDLTAHAEIMALCQGGAVMQSYRLPDATLYVVVEPCVMQAGAMILSRIGQVVFGVREAKTGAAGSWMDLLTYPGWNHRVVLTEGILADECNALLCEFFRERRQFFNAQKKAKSEDR,0.99953926,0.99953926
MSEVVYNHEYWLRHALSMAKRAWDLREVPVGAVLVANNRVKGEGWNAVIGKCDPTAHAEIMALRQGGAVMEDYRLPDATLYCDVEPCVMDIGAMILSRIGQVVFGVREAKTGAAGSQMDVLHYRGMNHRVALTEGILADECNALLKEFFRMRRQGFNAQKKAKSEIN,0.99924195,0.99924195
MSEVEYNHEYWLRHALDMSKRAFDEREVPVGAVLVRNNRVIGEGWNTQIHRHDLTAHAEIMALRQGGAVMQSYRLPDATLYVVVEPCVMQAGAMILSRIGQVVFGVREAKTGAAGSWMDVLTYPGWNHRVVLTEGILADECNALLCEFFRERRQFFNAQKKAKSEDR,0.9996568,0.9996568
MSEVEYNHEYWLRHALDMSKRAFDEREVPVGAVLVRNNRVIGEGWNTQIHRHDLTAHAEIMALRQGGAVMQSYRLPDATLYVVVEPCVMQAGAMILSRIGQVVFGVREAKTGAAGSWMDVLTYPGWNHRVVLTEGILADECNALLCEFFRERRQFFNAQKKAKSEDR,0.9996568,0.9996568
MSEVEFNHEYWLRHALDMNKRAWDEREVPVGAVVVANNRVIGEGWNAVIGRCDPTAHAEIMALRQNGAVMEDYRLPDATLYCVVEPCVMDAGAMILSRIGQVVNGVREAKTGAAGSQMDVLHQPGMNHRVALTEGILADECNALLCEFFRERRQDFTAQKKAKSGDN,0.9994443,0.9994443
MSQVEYNHEYWLRHALDMAKRAWDEREVPVGAVLVRNNRVIGEGWNAVIGKCDPTAHAEIMALRQGGAFVHNYRLPDATLYVVVEPCVMDAGADILSRIGQVVFGVREAKTGAAGSQMDVLHYPGMNHRVALTEGILADECNALLVEFFKMRRQGFNAQKKAKSEVN,0.9996055,0.9996055
MSQVEYNHEYWLRHALDMAKRAWDEREVPVGAVLVRNNRVIGEGWNAVIGKCDPTAHAEIMALRQGGAFVQNYRLPDATLYVVVEPCVMDAGADILSRIGQVVFGVREAKTGAAGSQMDVLHQPGMNHRVALTKGILADECNALLKEFFRMRRQGFNAQKKAKSEIN,0.9996606,0.9996606
MSETEFDHEYWLRHALDMAKRAWDEREVPVGAVLVANNRVIGEGWNTQYHRHAPTAHAELMALRQCGAVMENYRLPDATLYCVVEPCVMDAGAMILSRIGQVVFGVREAKTGAAGSQMDVLHQPGMNHRVALTEGILADECNALLCEFFRERRQDFTAQKKAKSGDN,0.99967563,0.99967563
MSEVEYNHEYWLRHALSMAKRAWDLREVPVGAVVVANNRVIGEGWNAVIGRCDPTAHAEICALRQGGAVMETYREPDATLYCDVEPCVMDAGAMIHSRIGQVVFGVREAKTGAAASQMDVLHQPGMNHNVALTEGILADECNALLCEFFRERRQYFNAQKKAKSEAR,0.99906725,0.99906725
MSEVEFNHEYWLRHALDMNKRAWDEREVPVGAVVVANNRVIGEGWNAVIGRCDPTAHAEIMALRQGGAVMEDYRLPDATLYCCVEPCVMDAGAMVLSRIGQVVFGVREAKTGAAGSWMDVLTYPGMNHRVALTEGILADECNALLKEFFRMRRQDNNFQKKAKSEIN,0.9996965,0.9996965
MSEVEFNHEYWLRHALDMNKRAWDEREVPVGAVVVANNRVIGEGWNAVIGRCDPTAHAEIMALRQGGAVMEDYRLPDATLYCCVEPCVMDAGAMVLSRIGQVVFGVREAKTGAAGSWMDVLTYPGMNHRVALTEGILADECNALLKEFFRMRRQDNNFQKKAKSEIN,0.9996965,0.9996965
MSQVEYNHEYWLRHALDMAKRAWDEREVPVGAVLVRNNRVIGEGWNAVIGKCDPTAHAEIMALRQGGAVVQNYRLPDATLYVVVEPCVMDAGADILSRIGQVVFGVREAKTGAAGSMMDVLHQPGMNHRVALTKGILADECNALLCEFFRERRQDMNAQKKAKSEVR,0.9997658,0.9997658
MSEVEFNHEYWLRHALDMNKRAWDEREVPVGAVVVANNRVIGEGINAVIGRCDPTAHAEIMALRQPGAVMEDYRLPDATLYCCHEPCAMDAGAMVLSRIGQVVPGVREAKTAAAGSQSDVLHQPGMNHNVVLTEGILADECNALLCEFFRERRQDTNAQKKAKSEAR,0.9984262,0.9984262
MSEVEYNHEYWLRHALDMAKRAWDEREVPVGAVLVRNNRVIGEGWNTQIHRHDLTAHAEIMQLRQGGAVMQSYRLPDATLYVVVEPCVMQAGAMILSRIGQVVFGVREAKTGAAGSMMDVLHQPGMNHRVALTKGILADECNALLCEFFRERRQDMNAQKKAKSEVR,0.9997209,0.9997209
MSEVEYNHEYWLRHALDMAKRAMDEREVPVGAVLVAHNRVIGGGWNTQAHRCDPTAHAEIMALRQGGAVMEDYRLPDATLYCDVEPCVMDAGAMILSRLGQVVFGVREAKDGAAGSQMDVLHIPGMNHRVDLTEGILADQCNALLVEFFKMRRQGFNAQKKAKSGDN,0.9993542,0.9993542
MSEVEYNHAYWHRHALDMAKRAWDEREVPVGAVLVRNGRVIGEGYNTQAHRHDPIAHAEIMALRQGDAVMEDYRLPEAYLYCDVEPCVMDAGAMILSRIGQVVFGVLEAKTGAAGSQMDVLHYPGMNHRVALTEGILADECNALLKEFFRMRRQGFNAQKKAKSGDN,0.9996111,0.9996111
MSEVEFNHEYWLRHQLDMRTRAWDEREVPVGAVVVHNNRAIGEGWNAVIGRHDPTAHAELMALHQGGAVMENYRLPDATLYCSVEPCVMCAGAMIKSRIGQVVFGVREAKTGAAGSQMDVLHQPGMNHNVALYEGILADECNALLCEFFRMRRQGFNAQKKAKSEIN,0.99835193,0.99835193
MSEVEFNHEYWLRHALDMRKRAWDEREVPVGAVVVHNNRVIGEGWNAVIGKCDPTAHAEIMALRQKGAVMEDYRLPDATLYCDVEPCVMDAGQMLLSRIGQVVFGVREAKTGAAGSQMDVLHYPGMNHRVALTEGILADECNALLVEFFKMRRQGFNAQKKAKSEVN,0.99953234,0.99953234
MSEVEHNHEYWLRHALDMNKRAWEEREVPVGAVVVANNRVIGEGWNAVIGRHDPTLHAELMALRQGGAVMENYRLPDATLYMVVEPCVMCAGAMILSRIGQVVFGVREAKTGAAGSQMDVLHQPGMNHNVALTEGILADECNALLCEFFRERRQRFNAQKKAKSEAR,0.99983084,0.99983084
MSEVEHNHEYWLRHALDMNKRAWEEREVPVGAVVVANNRVIGEGWNAVIGRHDPTLHAELMALRQGGAVMENYRLPDATLYMVVEPCVMCAGAMILSRIGQVVFGAREAKTGAAGSQMDVLHQPGMNHNVHLTEGILADECNATLCEFFRERRQRFNAQYKAKSEAR,0.9997484,0.9997484
MSEVVYNHEYWLRHALSMAKRAWDLREVPVGAVLVANNRVIGEGWNTQYHRHDPTAHAEIMALRQGGAVMENYRLPDATLYCVVEPCVMMAGAMILSRIEQVVFGVREAKFGAAGSQMDVLHYPGMNHRVALHEGPLHDECNALLCEFFRLRRQDMNAQKKAKSEAR,0.9995484,0.9995484
MSEVEFNHEYWLRHALDMNKRAMDEREVPVGAVVVANNRVIGQGWNAVIGRCDPTAHAEIMALRQAGAVMKDYRLPDATLYCCHEPCVMDAGAMVLSRIGQVVFGVREAKTGAAGSQMDVLHQPLMNHNVALTEGILADECNHLLCEFFRMRRQGFNAQKKAKSEIN,0.9995658,0.9995658
MSEVEYNHAYWLRHALDMAKRAWDEREVPVGAVLVRNGRQIGEGWNTQIHRHDLTAHAEIMALRQGGAVMQSYRLPDATLYCVVEPCVMDAGAMILSRIGQVVFGVREAKTGAAGSQMDVLHQPGMNHRVALTEGILADEKNLLLCEFFRERRQAFTAQKKAKSEAR,0.99959296,0.99959296
MSEVEFNHEYWLRHALDMNKRAWDEREVPVGAVVVANNRVIGEGWPAVNGRCDPTAHAEIMALRQAGAVMKDYRLPDATLYCCHEPCVMDAGAMVLSRIGQVVFGVREAKTGAAGSQMDVLHQPGMNHNVALTEGILADECNALLCEFFRMRRQGFNAQKKAKSEIN,0.9995301,0.9995301
MSEVEYNHEYWLRHALDMAKRAWDNREVPVGAVLVHNNRVIGEGWNAVIGRCDPTAHAEIMALRQGGAVMQSYALPDATLYVVVEPCVMQAGAMILSRIGQVVFGVREAKTGAAGSQMDVLVYPGMNHRVALTEGILADECNALLKEFFRMRRQGFNAQKKFKSEIN,0.9994727,0.9994727
MSEVEHNHEYWLRHALDMNKRAWDEREVPVGAVVVANNRVIGEGWNAVIGRHDPTAHAELMALRQGGAVMENYRLPDATLYCVVETCVMCAGAMIHSRIGQVVFGVVEAKLGAAGSQMDVLHQPGMNHNVALTEGILADECNALLCEFFRERRQDFTAQKKAKSGIN,0.9994105,0.9994105
MSEVEFNHEYWLRHALDMNKRAWDEREVPVGAVVVANNRVIGEGWNAVDGRCDPTADAEIMALRQGGAVMEDYRLPDATLYCCVEPCVMDAGAMVLSRIGQVVFGVREAKTGAAGSWMDVLTYPGMNHRVALTEGILADECNALLKEFFRMRRQDNNFQKKAKSEIN,0.99943596,0.99943596
MSQVEYNHEYWLRHALDMAKRAEDEREVKVGAVLVRNNRVIGEGWNAVIGKCDPTAHAEICALRQGGAVMQSYRLPDATLYVVVEPCVMQAGAMILSRIGQVVFGVREAKTGAAGSQMDVLHYPGMNHNVALTEGILADECNALLCEFFRERRQDFTAQKKAKSGIS,0.99944,0.99944
MSQVEYNHEYWLRHALDMAKRAWDEREVPVGAVLVRNNRVIGEGWNAVIGKCDPTAHAEIMALRQGGAVVQNYRLPDATLYVPVEPCVMDAGADILSRIGQVVFGVVEAKTGAAGSMMDVLHQPGMNHRVALTKGILADECNALLCEFFRMRRQGQNAQKKAKSEIN,0.99969804,0.99969804
MIEVEFNHEYWLRHALDMNKRAWDEREVPVGAVVVRNNRVIGEGWNAVIGRCDPTAHAEIMALRQGGAVMEDYRLPWATIYCCHEPCVMDAGAMVLSRIGQVVFGVREAKTGAAGSWMDVLHQPGMNHNVALTEGILADECNALLKEFFRMRRADNNFQKKAKSEIN,0.9991966,0.9991966
HSEVEFNHEYWLRHALDMAKRAWDLREVPVGAVLVANNRVIGEGWNTQYHRTDPTAHAEIMALRQGGAVMENYRLPDATLYCVVEPCVMDAGAMILSRIGQVVFGVREAKTGAAGSQMDVLHQPGMNHNVALTEGCLDDECNALLCEFFRERRQDATVQKKAKSKIN,0.9996014,0.9996014
MSEVEFNHEYWLRHALDMNKRAWDEREVPVGAVVVANNRVIGEGWNAVIGRCDPTAHAEIMALRQGGAVMETYRLPDATLYCDVEPCVMDAGAMILSRIGQVVFGVREAKTGAAGSQMDVLVYPGMNHRVALTEGILADECNALLKEFFRMRRQGFNAQKKAKSEIN,0.9997352,0.9997352
MSEVEYNHEYWLRHALDMSKRAFDEREVPVGAVLVRNNRVIGEGWNTQIHRHDLTAHAEIMALRQGGAVMQSYRLPDATLYVVVEPCVMQAGAMILSRIGQVVFGVREAKTGAAGSWMDVLTYPGWNHRVALTEGILADECNALLKEFFRMRRQDNNFQKKAKSEIN,0.99968445,0.99968445
MSEVEYNHEYWLRHALDMAKRAWWNREVPVGAVLVHNNRVIGEGWNAVIGRCDPTAHAEIMALRQGGAVMEDYRLPDATLQCVVEPCVMDAGAMILSRIGQVVFGVREAKTGAAGSQMDVLHYAGMNHRVALTEGILADECNALLKEFFRERRQDMNAQKKAKSERR,0.9997229,0.9997229
HSEVEFNHEYWLRHALMMAKRAWDLREVPVGAVLVANNRVIGEGWNTQYHRTDPTAHAEIMALRQGGAVMENYRLPDATLYCNVEPCVMDAGAMILSRIGQVVFGVREAKTGAAGSQMDVLHQPGMNHNVALTEGCLDDECNALLCEFFRERRQDATVQKKAKSKIN,0.99955267,0.99955267
MSEVEFNHEYWLRHALDMRKRAWDEREVPVGAVVVHNNRAIGEGWNAVIGRHDPTAHAELMALRQGGAVMENYRLPDATLYCSVEPCVMCAGAMIKSRIGQVVFGVREAKTGAAGSHMDVLHYPGMNHRVALTEGILADECNALLQEFFRMRRQGFNAQKKAKSTIN,0.9996785,0.9996785
MSEVEFNHEYWLRHALDMNKRAWDEREVPVGAVVVANNRVIGEGWNAVIGRCDPTAHAEIMALRQGGAVMEDYRLPDATLYCCHEPCVMDAGAMVLSRIGQVVFGVREAKTGAAGSWMDVLHQPGMNHNVALTEGILADECNALLKEFFRMRRADNNFQKKAKSEIN,0.99969435,0.99969435
MSEVEFNHEYWLRHALDMRKRAWDEREVPVGAVVVHNNRVIGEGWNAVIGKCDPTAHAEIMALRQKGAVMEDYRLPDATLYCDVEPCVMDAGQMLLSRIGQVVFGVREAKTGAAGSQMDVLHYPGMNHRVALTEGILADECNALLKEFFRMRRQGFNAQKKAKSGDN,0.9997081,0.9997081
MSEVEFNHEYWLRHALDMNKRAWDEREVPVGAVVVANNRVIGEGWNAVIGRCDPTAHAEIMALRQGGARMQNYRLPDATLYCKVEPCVMPAGAMILSRIGQVVFGVRWAKTGAAGSQMDVLDQPGMNHRVALTEGILADECNALLCEFFRMRRQDFTAQKKAKSIIR,0.9995871,0.9995871
MSEVEHNHEYWLRHALDMNKRAWDEREVPVGAVVVANNRVIGEGWNAVIGRHDPTAHAELMALRQGGAVMENYRLPDATLYCVVEPCVMCAGAMIKSRIGQVVFGVREAKTGAAGSHMDVLHYPGMNHRVALTEGILADECNALLKEFFRMRRQGFNAQKKAKSEIN,0.99974614,0.99974614
MSQVEYNHEYWLRHALDMAKRAPDEREVPVGAVLVRNNRVIGEGWNAVIGKCDPTAHAEIMALRQGGAVVQNYRLDDATAYVVDEPCVMDAGADILSRIGQVVFCVKEAKTGAAGSMMDVLHQPGMNHNVALTKGILADECNALLCEFFRERRQDMNQQKKAKSEVR,0.99909973,0.99909973
MSEVEHNHEYWLRHALDMNKRAWEEREVPVGAVVVANNRVIGEGWNNVIGRHDPTLHAELMALRQGGAVMENYRLPDATLYCVVEPCVKDAGAMLLSRIGQVVWGVREAKTGAAGSKMDVLHQPGMNHNVALTEGKLADECNALLEEFFRMRRQDNNFQKKAKSEMN,0.9980793,0.9980793
MSEAEHNHEYWLRHALDMNKRAWDEREVPVGAVVVANNRVIGEGWNAVIGRHDPTAHAELMALRQGGAVMENYRLPDATLYCVVEPCVMCAGAMIKSRIGQVVFGVHEAKTGAAGSHMDVLHYPGMNHRVALTEGILADECNCLLKEFFRMRRQGFNAGKKAESEIN,0.99931,0.99931
MSEVEHNHEYWLRHALDMNKRAWDEREVPVGAVVVANNRVIGEGWNAVIGRHDPTAHAELMALRQGGAVMENYRLPDATLYCVVEPCVMCAGAMIKSRIGQVVFGVREAKTGAAGSHMDVLHYPGMNHRVALTEGILADECNALLKEFFRMRRQGFNAQKKAKSEIN,0.99974614,0.99974614
MSEVEFNHEYWLRHALDMNKRAWDEREVPVGAVVVANNRVIGEGWNAVIGRCDPTAHAEIMALRQGGARMQNYRLPDATLYCKVEPCVMPAGMMILSRIGQVVFGVRWAKTGAAGSQMDVLDQPGMNHRVALTEGILADECNALLCEFFRMRRQDFTAQKKAKSIIR,0.99945706,0.99945706
MSEVEYNHEYWLRHALDMRKRAWDEREVSVGAVVVHNNRVIGEGWNAVIGKCDPTAHAEIMALRQGGTVVQNYRLPDATLYVVVEPCVMQAGSMILSRIGQVVFGVREAKTGAAGSQMDVLHQPGMNHRVALTEGILADEKNALLCEFFRERRQDFTAQKKAKSGDN,0.9988263,0.9988263
MSEVEYNHEYWLRHALNMAVRAMDLREVPVGAVLVANNRVIGEGWNTQYHRHDPTAHAELMALRQGGAVMENYRLPDATLYCVVEPCVMYAGAMIHSRIGQVVFGVREAKLGAAGSQMDVLEQPGMNHNVALTEGLLADECNALLCEFFRERRADFTAQKKAKSGIK,0.99943596,0.99943596
MSQVEYNHEYWLRHALDMAKRAWVNREVPVGAVLVHNNRVIGEGWNAVIGRCDPTAHAEIMALRQGGAVMQSYRLVDATLYVVVEPCVMQAGAMILSRIGQVVFGVREAKTGAAGSQMDVLHYPHFNHNVALTEGILADEWNALLCEFFRERYQDFTAQKKAKSGIS,0.9980045,0.9980045
MSEVEHNHEYWLRHALDMNKRAWDEREVPVGAVVVANNRVIGEGWNAVIGRHDPTAHAELMALRQGGAVMENYRLPDATLYCVVEPCVMCAGAMIKSRIGQVVFGVHEAKTGAAGSHMDVLHYPGMNHRVALTEGILADECNALLKEFFRMRRQGFNAQKKAKSEIN,0.9997458,0.9997458
HSEVEFNEEYWLRHALDMAKRAWDLREVPVGAVLVAFNRVIGEGWNTQYSRTDPTAHAEIMALRQGGAVMENYRLPDATLYCVVEPCVMDAGAMILSRIGQVVFGVREAKTGAAGSQMDVLHQPGMNHNVALTEGILDDECNALLCEFFRERRIQFNAQKKAKSEIN,0.99922407,0.99922407
MSEVEHNHEYWLRHALDMNKRAWDEREVPVGAVVVANNRVIGEGWNAVIGRHDPTAHAELMALRQGGAVMENYRLPDATLYCVVEPCVMCAGAMIKSRIGQVVFGVREAKTGAAGSHMDVLHYPGMNHRVALTEGILADECNALLKEFFRMRRQGFNAQKKAKSEIN,0.99974614,0.99974614
MSEVEFNHEYWLRHALDMNKRAWDEREVPVGAVVVANNRVIGEGWNAVIGRCDPTAHAPIMALRQDGAVMEDYRLPDATLYCCHEPCVMDAGAMVLSRIGQVVFGVREAKTGAAGSQMDVLHQPGMNHRVALTEGILADECNALLCEFFRERRQDATVQKKAKSKIN,0.9991731,0.9991731
MSQVEYNHEYWLRHALDMAKRAWDEREVPVGAVLVRNNRVIGEGWNAVIGKCDPWAHAEIMALRQGGAVVQNYRLPDATLYVVVEPCVMDAGADILSRIGQVVFGVWEAKTGAAGSQMDVLHYPGMNHRVALTEGILADECNALLKEFFRMRRQKFNAQKKAKSEIN,0.9995702,0.9995702
MSEVEYNHEYWLRHALDMAKRAMDEREVPVGAVLVANNRVIGGGWNTNAHRCDPTAHAEIMALRQGGAVMEDYRLPDATLYCDVEPCVMDAGAMILSRIGQVVFGVREAKTGAAGSVMDVLHYAGMNHRVALTEGILADECNALLKEFFRERRQDMNAQKKAKSERR,0.99978894,0.99978894
MSEVEYNHEYWLRHALDMAKRAWDEREVPVGAVLVRNGRVIGEGWNTQIHRHDLTAHAEIMALRQGGAVMQSYRLPVATLYCVVEPCVMDAGAMILSRIGQVVFGVREAKTGAAGSQMDVLHQPGMNHRVALTEGILADECNALLCEFFRERRQAFTAQKKAKSGDN,0.9996755,0.9996755
MSEVEFNHEYWLRHALDMRKRAWDEREVPVGAVVVHNNRVIGEGWNAVIGKCDPTAHAEIMALRQGGTVVQNYRLPDATLYVVVEPCVMQAGAMILSRIGQVVFGVREAKTGAAGSQMDVLHQPGMNHRVALTEGILADEKNALLCEFFRERRQDFTAQKKAKSGDN,0.999746,0.999746
MSEVEYNHEYWLRHALDMAKRAWDEREVPVGAVLVRNGRVIGEGWNTQIHRHDLTAHAEIMALRQGGAVMQSYRLPDATLYCVVEPCVMDAGAMILSRIGQVVFGVREAKTGAAGSQMDVLHQPGMNHRVALTEGILADECNALLCEFFRERRQAFTAQKKAKSGDN,0.999813,0.999813
MSEVEFNHTYWLRHALDMAKRAWDWREVPVGALLVRANRVIGEGWNTQAVRHDPIAHAEIMALRQGGAVMENYRLPDATLYCVVEPCVMDAGAMILSRIGQVVFGVREAKTGAAGSQMDVLHQPGMNHNVALTEGILDDECNALLCEFFRERRCDATVQKKAKSKIN,0.9988965,0.9988965
MSETEFDHEYWLRHALDMAKRAWDEREVPVGAVLVANNRVIGEGWNTQYHRHAPTAHAELMALRQCGAVMENYRLPDATLYCVVEPCVMDAGAMILSRIGQVVFGVREAKTGAAHSQMDVLHQPGMNHRVALTEGILADECNALLCEFFRERRQDFTAQKKAKSGDN,0.9994954,0.9994954
MSEVEYNHEYWLRHALDMAKRAWDNREVPVGAVLVHNNRVIGEGWNAVIGRCDPTAEAEIMALRQGGAVMEDYRLPDATLYCDVEPCVMDAGAMILSRIGQVVFGVREAKTGAAGSVMDVLHQPGMNHNVALTEGKLAYECNALLCEFFRERRQRFNAQKKAKSEAR,0.9996996,0.9996996
HSEVEFNHEYWLRHALDMAKRAWDLREVPVGAVLVANNRVIGEGWNTQYHRTDPTAHAEIMALRQGGAVMENYRLPDATLYCVVEPCVMDAGAMILSRIGQVVFGVREAKTGAAGSQMDVLHQPGMNHNVALTEGILDDECNALLCEFFRERRQDATVQKKAKSKIN,0.99965906,0.99965906
MSEVVFNHEYWLRHALDMNKRAWDEREVPVGAVVVANNRVIGEGWNAVIGRCDPTAHAEIMALRQGGAVMEDYRLPDATLYCCHEPCVMDAGAMVLSRIGQVVFGVREAKTGWAGSQMDVLHQPGMNHRVALTEGILADECNALLCEFFRERRQDATVQKKAKSKIN,0.999587,0.999587
HSEVEFNHEYWLRHALDMAKRAWDLREVPVGAVLVANNRVIGEGWNTQYHRTDPTAHAEIMALRQGGAVMENYRLPDATLYCVVEPCVMDAGAMILSRIGQVVFGVREAKTGAAGSQMDVLHQPGMNHNVALTEGILDDECNALLCEFFRERRQDATVQKKAKSKIN,0.99965906,0.99965906
MSQVEYNHEYWLRHALDMAKRAWDEREVPVGAVLVRNNRVIGEGWNAVIGKCDPTAHAEIMALRQGGAVVQNYRLPDATLYVHVEPCVMDAGADILSRIGQVVFGVREAKTGAAGSMMDVLHQPGMNHRVALTKGILADECNALLCEFFRERRQDMNAQKKAKSEVR,0.9997651,0.9997651
MSEVEHNHEYWLRHALDMNKRAWDQREVPVGAVVVANNRVIGEGWWAVIGKCDPTAHAEIMALRQGGTVVQNYRLPDATLYVVVEPCVMQAGAMILSRIGQVVFGVREAKTGAAGSQMDVLHQPGMNHRVALTEGILADEKNALLCEFFRERRQDFTAQKKAKSGDN,0.99956864,0.99956864
MSEVEYNHEYWLRHALAMAKRAWDLREVPVGAVLVANNRVIGEGWNTQYHRHDPTAHAEIMALRQGGAVMENYRLPDATLYCVVEPCVMMAGAMILSRIGQVVFGVREAKTGAAGSQMDVLHQPGMNHRVALTKGILADECNALLCEFFRERRQDMNAQKKAKSEVR,0.9996989,0.9996989
MSEVEFNHEYWLRHALDMNKRAWDEREVPVGAVVVANNRVIGEGWNAVIGRCDPTAHAEIMALRQAGAVMKDYRLPDATLYCCHEPCVMDAGAMVLSRIGQVVFGVREAKTGAAGSQMDVLHQPGMNHNVALTEGILADECNALLCEFFRMRRQGFNAQKKAKSEIN,0.99977607,0.99977607
MSEVEHNHEYWLRHALDMNKRAWEEREVPVGAVVVANNRVIGEGWNAVIGRHDPELHAELMALRQGGAVMENYRLPDATLYMVVEPCVMCAGAMILSRIGQVVFGVREAKTGAAGSQMDVLHQPGMTHNVALTEGILADECNALLCEFFRERRQRFNAQKKAKSEAR,0.9997156,0.9997156
MSEVEFNHEYWLRHALDMNKRAWDEREVPTGACVVANNRVIGEGWPAVNGRCDGTAHAEIMALVQAGAVMKDYRLPDATLYCCHEPCVMDAGMSVLSRIGQVVFGVREAKTGAAGSQMDVLHYPGFNHNVALTEGILADEWNALLCEFFRERRQDFTAQKKAKSGIS,0.96956694,0.96956694
MSEVVYNHEYWLRHALSMAKRAWDLREVPVGAVLVANNRVIGEGWNTQYHRHDPTAHAEIMALRQGGAVMENYRLPDATLYCVVEPCVMMAGAMILSRIGQVVFGVVEAKTGAAGSQMDVLHQPGMNHRVALTKGILADECNALLCEFFRERRQDMNAQKKAKSEVT,0.99963164,0.99963164
MSEVEFNHEYWLRHALDMNKRAWDEREVPVGAVVVANNRVIGEGWNAVIGRCDPTAHAEIMALRQGGAVMEDYRLPDATIYCCHEPCVMDAGAMVLSRIGQVVFGVREAKTGAAGSWMDVLHQPGMNHNVALTEGILADECNALLKEFFRMRRADNNFQKKAKSEIN,0.99963343,0.99963343
MSEVEFNHEYWLRHALDMNKRAWDEREVPVGAVVVANNRVIGEGWNAVIGRCDPTAHAEIMALRQPGAVMEDYRLPDATLYCCHEPCVMDAGAMVLSRIGQVVFGVREAKTGAAGSQMDVLHQPGMNHNVALTEGILADECNALLCEFFRERRQDFNAQKKAKSEAR,0.9997564,0.9997564
MSEVEFDHEYWLRHALDMAKRAWDNREVPVGAVLVYNGWVIGEGWNTQSHRHDLTAHAEIMALRQGMAVMQSYRLPDATAYCVVEPCVMDAGAMILSRIGQVVFGVREAKTGAAGSQMEVLHQPGMNHRVALTEGILADECNALLCEFFRERRQDFTAQKKAKSGDN,0.9988274,0.9988274
MSEVEYNHEYWLRHALDMAKRAWDEREVPVGAVLVRNNRVIGENWNAVIGRCDPTAHAEIMALRQGGAVMETYRLPDATLYCDVEPCVMDAGAMIQSRIGQVVFGVREAKTGAAGSQMDVLVYPGMNHRVALTEGILADECNALLKEFFRMRRQGFNAQKKAKSEIN,0.999716,0.999716
MSEVEYNHEYWLRHALDMAKRAMDEREVPVGAVLVANNRVIGGGWNTQAHRCDPTAHAEIMALRQGGAVMEDYRLPDATLYCDVEPCVMDAGAMILSRLGQVVFGVREAKTGAAGSQMDVLHIPGMNHRVDLTEGILADQCNALLVEFFKMRRQGFNAQKKAKSGDN,0.9996977,0.9996977
MSEVEYNHEYWLRHALHMAKRAWDNREVPVGAVLVHNNRVIGEGWNAVIGRCDPTAHAEIMALRQGGAVMQSYRLPDATLYVVVEPCVMQAGAMILSRIGQVVFGVREAKTGAAGSQMDVLHYPGFNHNVALTEGILADEWNALLCEFFRERRQDFTAQKKAKSGIS,0.9997292,0.9997292
MSEVEYNHEYWLRHALAMAKRAWDLREVPVGAVLVANNRVIGEGWNTQYHRHDPTAHAEIMALNQGGAVMENYRLPDATLYCVVEPCVMMAGAMILSRIGQVVFGVREAKTGAAGSQMDVLHQPGMNHRVALTKGILADECNALLCEFFRERRQDMNAQKKAKSEVR,0.99960095,0.99960095
MSEVEHNHEYWLRHALDMNKRAWDEREVPVGAVVVANNRVIGEGWNAVIGRHDPTAHAELMALRQGGAVMENYRLPDATLYCVVEPCVMCAGAMTKSRIGQVVFGVREAKLGAAGSHPDVLHYPGMNHRVILTGGILADECNALLKEFFRMRRQGFNAQKKAKSEIN,0.99819714,0.99819714
MSQVEYNNEYWLRHALDMAKRAWDEREVPVGAVLVRNNRVIGEGWNAVIGRCDPTAHAEIMALRQGGAVMEDYRLPDATLQCVVEPCVMDAGAMILSRIGQVVFGVREAKTGAAGSQMDVLHYWGMNHRVALTEGILADECNALLKEFFKMRRLDSRAQSKAKSFTD,0.9992067,0.9992067
MSEVEYNHEYWLRHALDMAKRAWINREVPVGAVVVHNNRAIGEGWNAVIGRHDPTAHAELMALRQGGAVMENYRLPDSTLYCSVEPCVMCAGAMIKSRIGQVVFGVREAKTGAAGSHMDVLHYPGMNHRVALTEGILADECNALLQEFFRMRRQGFNAQKKAKSTIN,0.9996594,0.9996594
MSQQEYNHEYWLRHALDMAKRAEDEREVKVGAVLVRNNRVIGEGWNAVIGKCDPTAHAEICALRQGGAVMQSYRLPDATLYCYVEPCVMDAGAMILSRIGQVVFGVREAKTGAAGSQPDVLHQPGMNHRVALTEGILADECNALLCEFFRERRQAFTAQKKAKSGDN,0.999549,0.999549
MSEVEYNHEYWLRHALDMAKRAWDEREVPVGAVLVRNNRVIGEGWNTQIHRHDLTAHAEIMALRQGGAVMQSYRLPDATLYVVVEPCVMQAGAMILSRIGQVVFGVREAKTGAAGSQMDVLHYPGMNHNVALTEGILADECNALLCEFFRERRQDFTAQKKAKSGIS,0.9996518,0.9996518
MSEVEYNHEYWLRHALSMAKRAWDLREVPVGAVVVANNRVIGEGWNAVIGRCQPTAHAEICALRQGGAVMETYRLPDATLYCDVEPCVMDAGAMILSRIGQVVFGVREAKTGAAGSQMDVLHQPGMNIRVALTEGILADEHNGLLCEFFRHRRQDFTAQKKAISGDN,0.99729425,0.99729425
MSEVEFNHEYWLRHMLDMNKRAWDEREVPVGAVVVANNRIIGEGWNAVIGRCDPTAHAEIMALRQGGAVMENYRLPDATLYCVVEPCVMCAGAMIHSRIGQVVFGVREAKTGAAASQMDVLHQPGMNHNVALTEGILADECNALLCEFFRERRQDFNAQKKAKSEAR,0.999645,0.999645
MSEVEYNHEYWLRHALDMAKRAWDEREVPVGAVLVRNNRVIGEGWNTGIHRHDLTAHAEIMALRQCGAVMEDYRLPDATLYCDVEPCVMDAGAMILSRLGQVVFGVREAKTGAAGSQMDVLHIPGMNHRVDLTEGILADQCNALLVEFFKMRRQGFNAQKKAKNGDN,0.99958926,0.99958926
MSEVEHNHEYWLRHALDMNKRAWDEREVPVGAVVVANNRVIGEGWNAVIGCHDPTAHAELMALRVGGAVMENYRLPDATLYCVVEPCVMCAGAMISSRIGQVVFGVHEAKTGAAGSHMDVLHYPGMNHRVALTEGILADECHALLKEFFRMRRQGFNAQKKAKSEIN,0.9995734,0.9995734
MSEVEYNHEYWLRHALSMAKRAWDLREVPVGAVLVANNRVIGEGWNTQYHRHDPTAHAEIMALRQGGAVMENYRLPDATLYCVVEPCVMMAGAMILSRIGQVVFGVREAKTGAAGSQMDVLHQPGMNHRVALTKGILADECNALLCEFFRERRQDMNAQKKAKSEVR,0.9996804,0.9996804
MSQVEYNHEYWLRHALDMAKRAWDEREVPVGAVLVRNNRVIGEGWNAVIGKCDPTAHAEIMALRQGGAVVQNYRLPDATLYVVVEPCVMDAGADILSRIGQVVFGVREAKTGAAGSQMDVLHQPGMNHRVALTKGILADECNALLCEFFRERRQDMNAQKKAKSERR,0.9996517,0.9996517
MSQVEYNHEYWLRHALDMNKRAWEEREVPVGAVVVANNRVIGEGWNAVIGRHDPTLHAELMALRQGGAVMENYRLPDATLVMVVEPCVMCAGAMILSRIGQVVFGVREAKTGAAGSQMDVLHQPGMNHNVALTEGILADECNALLCEFFRERRQRFNAQKKAKSEAR,0.99978834,0.99978834
MSEVEFNHEYWLRHALDMNKRAWDEREVPVGAVVVANNRVIGEGWNAVIGRCDPTAHAEIMALRQGGAVMEDYRLPDATLYCCHEPCVMDAGAMVLSRIGQVVFGVREAKTGAAGSQMDVLHQPGMNHRVALTEGILADECNALLCEFFRERRQDFTTQKKAKSGDN,0.99971884,0.99971884
MSEVEYNHEYWLRHALDMAKRAWDEREVPVGAVLVRNNRVIGEGWNTQIHRHDLTAHAEIMALRQGGAVMQSYRLPDATLYVVVEPCVMQAGAMILSRIGQVVFGVREAKTGAAGSHMDVLHYPGMNHRVALTEGILADECNALLKEFFRMRRQGFNAQKDAKSEIN,0.99969923,0.99969923
MSEVEHNHEYWLRHALDMNKRAWDEREVPVGAVVVANNRVIGEGWNAVIGRHDPTAHAELMALRQGGAVMENYRLPDATLYCVVEPCVMCAGAMIHSRIGQVVFGVVEAKLGAAGSQMDVLHQPGMNHNVALTEGILADECNALLCEFFRERRQDFTAQKKAKSGIN,0.99967325,0.99967325
MSEVEFNHEYWLRHALDMRKRAWDEREVPVGAVVVHNNRVIGEGWNAVIGKCDPTAHAEEMALRQGGTVVQNYRLPDATLYVVVEPCVMQAGAMILSRIGQVEFGVREAKTGAAGSQMDVLHQPGMNHRVALTEGILADEKNALLCEFFRERRQDFTAQKKAKSGDN,0.9993493,0.9993493
